tiempo,led_verde,led_rojo,val_x,val_y
5.109999999319825e-05,0,0.002606099999653111,523,492
