tiempo,led_verde,led_rojo,val_x,val_y
5.079999999679785e-05,0,0.0025907999998366904,523,492
