tiempo,led_verde,led_rojo,val_x,val_y
0.00020640000000327063,0,0.010526400000166802,523,492
