tiempo,led_verde,led_rojo,val_x,val_y
3.850000001648368e-05,0,0.0019635000008406678,523,492
