tiempo,led_verde,led_rojo,val_x,val_y
5.949999999188549e-05,0,0.00303449999958616,523,492
