tiempo,led_verde,led_rojo,val_x,val_y
0.00010889999999985633,0,0.027769499999963365,523,492
